SNP,CHR,BP,P
rs17090219,18,54191033,0.095285
rs192470679,13,33290859,0.24165
rs56378310,13,111189673,0.70318
rs2484,3,197268569,0.67481
rs3936289,3,186754957,0.60545
rs11121365,1,9357724,0.52157
